{
    "val": {
        "split": "val",
        "roc_auc": 0.8048373644703919,
        "pr_auc": 0.8115963021133987,
        "f1": 0.7723577235772358,
        "num_samples": 197
    },
    "test": {
        "split": "test",
        "roc_auc": 0.8031347962382445,
        "pr_auc": 0.8450764542769302,
        "f1": 0.7510204081632653,
        "num_samples": 197
    }
}