{
    "val": {
        "split": "val",
        "roc_auc": 0.3233944954128441,
        "pr_auc": 0.44694641314953687,
        "f1": 0.5546875,
        "num_samples": 197
    },
    "test": {
        "split": "test",
        "roc_auc": 0.303239289446186,
        "pr_auc": 0.44180661623894424,
        "f1": 0.5914396887159533,
        "num_samples": 197
    }
}